"depDate","queryDate","depCity","arrCity","dep_time","arrDate","arr_time","dep_port","arr_port","aircompany","flight","plane","flight_actual","stopby","acurate","food","price","Discount","transfer"
2016-03-14,2015-03-14,"北京","广州","07:15","2016-03-14","10:35","首都机场","白云机场","海航","海航HU7807","空客330(宽)",NA,NA,"93%","有餐食",1895,"全价","无"
2016-03-14,2015-03-14,"北京","广州","07:20","2016-03-14","10:40","首都机场","白云机场","东航","东航MU5181","空客330(宽)",NA,NA,"94%","有餐食",1180,"6.2折","无"
2016-03-14,2015-03-14,"北京","广州","08:30","2016-03-14","11:45","首都机场","白云机场","厦航","厦航MF1010","空客321(中)","南航CZ3108",NA,"90%","有餐食",1789,"9.4折","无"
2016-03-14,2015-03-14,"北京","广州","08:30","2016-03-14","11:45","首都机场","白云机场","南航","南航CZ3108","空客321(中)",NA,NA,"90%","有餐食",1810,"9.5折","无"
2016-03-14,2015-03-14,"北京","广州","08:30","2016-03-14","11:45","首都机场","白云机场","东航","东航MU3035","空客321(中)","南航CZ3108",NA,"90%","有餐食",1814,"9.5折","无"
2016-03-14,2015-03-14,"北京","广州","08:50","2016-03-14","12:10","南苑机场","白云机场","联航","联航KN5815","波音737(中)",NA,NA,"94%",NA,1096,"5.7折","无"
2016-03-14,2015-03-14,"北京","广州","08:50","2016-03-14","12:10","南苑机场","白云机场","东航","东航MU3781","波音737(中)","联航KN5815",NA,"94%",NA,1314,"6.9折","无"
2016-03-14,2015-03-14,"北京","广州","09:05","2016-03-14","12:20","首都机场","白云机场","海航","海航HU7805","空客330(宽)",NA,NA,"84%","有餐食",1097,"5.7折","无"
2016-03-14,2015-03-14,"北京","广州","09:30","2016-03-14","12:50","首都机场","白云机场","厦航","厦航MF1000","空客380(大)","南航CZ3000",NA,"89%","有餐食",1775,"9.3折","无"
2016-03-14,2015-03-14,"北京","广州","09:30","2016-03-14","12:50","首都机场","白云机场","南航","南航CZ3000","空客380(大)",NA,NA,"89%","有餐食",1810,"9.5折","无"
2016-03-14,2015-03-14,"北京","广州","09:30","2016-03-14","12:50","首都机场","白云机场","东航","东航MU3019","空客380(大)","南航CZ3000",NA,"89%","有餐食",1814,"9.5折","无"
2016-03-14,2015-03-14,"北京","广州","09:40","2016-03-14","13:00","南苑机场","白云机场","联航","联航KN5817","其他机型",NA,NA,"82%",NA,1084,"5.7折","无"
2016-03-14,2015-03-14,"北京","广州","09:40","2016-03-14","13:00","南苑机场","白云机场","东航","东航MU3783","其他机型","联航KN5817",NA,"82%",NA,1314,"6.9折","无"
2016-03-14,2015-03-14,"北京","广州","10:30","2016-03-14","13:45","首都机场","白云机场","厦航","厦航MF1014","空客330(宽)","南航CZ3112",NA,"87%","有餐食",1789,"9.4折","无"
2016-03-14,2015-03-14,"北京","广州","10:30","2016-03-14","13:45","首都机场","白云机场","南航","南航CZ3112","空客330(宽)",NA,NA,"87%","有餐食",1810,"9.5折","无"
2016-03-14,2015-03-14,"北京","广州","10:30","2016-03-14","13:45","首都机场","白云机场","东航","东航MU3041","空客330(宽)","南航CZ3112",NA,"87%","有餐食",1814,"9.5折","无"
2016-03-14,2015-03-14,"北京","广州","11:30","2016-03-14","14:55","首都机场","白云机场","厦航","厦航MF1018","波音787(大)","南航CZ3116",NA,"94%","有餐食",1780,"9.3折","无"
2016-03-14,2015-03-14,"北京","广州","11:30","2016-03-14","14:55","首都机场","白云机场","南航","南航CZ3116","波音787(大)",NA,NA,"94%","有餐食",1810,"9.5折","无"
2016-03-14,2015-03-14,"北京","广州","11:30","2016-03-14","14:55","首都机场","白云机场","东航","东航MU3045","波音787(大)","南航CZ3116",NA,"94%","有餐食",1814,"9.5折","无"
2016-03-14,2015-03-14,"北京","广州","12:30","2016-03-14","15:55","首都机场","白云机场","厦航","厦航MF1004","空客330(宽)","南航CZ3102",NA,"99%","有餐食",1789,"9.4折","无"
2016-03-14,2015-03-14,"北京","广州","12:30","2016-03-14","15:55","首都机场","白云机场","南航","南航CZ3102","空客330(宽)",NA,NA,"99%","有餐食",1810,"9.5折","无"
2016-03-14,2015-03-14,"北京","广州","12:30","2016-03-14","15:55","首都机场","白云机场","东航","东航MU3029","空客330(宽)","南航CZ3102",NA,"99%","有餐食",1814,"9.5折","无"
2016-03-14,2015-03-14,"北京","广州","12:40","2016-03-14","16:00","南苑机场","白云机场","联航","联航KN5819","其他机型",NA,NA,"88%",NA,1225,"6.4折","无"
2016-03-14,2015-03-14,"北京","广州","12:40","2016-03-14","16:00","南苑机场","白云机场","东航","东航MU3785","其他机型","联航KN5819",NA,"88%",NA,1314,"6.9折","无"
2016-03-14,2015-03-14,"北京","广州","13:30","2016-03-14","16:50","首都机场","白云机场","厦航","厦航MF1008","波音777(大)","南航CZ3106",NA,"98%","有餐食",1775,"9.3折","无"
2016-03-14,2015-03-14,"北京","广州","13:30","2016-03-14","16:50","首都机场","白云机场","南航","南航CZ3106","波音777(大)",NA,NA,"98%","有餐食",1810,"9.5折","无"
2016-03-14,2015-03-14,"北京","广州","13:30","2016-03-14","16:50","首都机场","白云机场","东航","东航MU3033","波音777(大)","南航CZ3106",NA,"98%","有餐食",1814,"9.5折","无"
2016-03-14,2015-03-14,"北京","广州","14:30","2016-03-14","17:50","首都机场","白云机场","厦航","厦航MF1060","空客321(中)","南航CZ3162",NA,"97%","有餐食",1789,"9.4折","无"
2016-03-14,2015-03-14,"北京","广州","14:30","2016-03-14","17:50","首都机场","白云机场","南航","南航CZ3162","空客321(中)",NA,NA,"97%","有餐食",1810,"9.5折","无"
2016-03-14,2015-03-14,"北京","广州","14:30","2016-03-14","17:50","首都机场","白云机场","东航","东航MU3049","空客321(中)","南航CZ3162",NA,"97%","有餐食",1814,"9.5折","无"
2016-03-14,2015-03-14,"北京","上海","06:35","2016-03-14","08:45","首都机场","虹桥机场","吉祥航","吉祥航HO1252","空客321(中)",NA,NA,"94%","有餐食",694,"5.6折","无"
2016-03-14,2015-03-14,"北京","上海","06:35","2016-03-14","08:45","首都机场","虹桥机场","东航","东航MU3926","空客321(中)","吉祥航HO1252",NA,"94%","有餐食",852,"6.9折","无"
2016-03-14,2015-03-14,"北京","上海","06:50","2016-03-14","09:00","首都机场","虹桥机场","厦航","厦航MF4062","空客321(中)","南航CZ6412",NA,"93%","有餐食",939,"7.6折","无"
2016-03-14,2015-03-14,"北京","上海","06:50","2016-03-14","09:00","首都机场","虹桥机场","南航","南航CZ6412","空客321(中)",NA,NA,"93%","有餐食",960,"7.7折","无"
2016-03-14,2015-03-14,"北京","上海","06:50","2016-03-14","09:00","首都机场","虹桥机场","东航","东航MU4566","空客321(中)","南航CZ6412",NA,"93%","有餐食",1077,"8.7折","无"
2016-03-14,2015-03-14,"北京","上海","07:00","2016-03-14","09:15","首都机场","虹桥机场","南航","南航CZ9271","空客330(宽)","东航MU5138",NA,"97%","有餐食",1140,"9.2折","无"
2016-03-14,2015-03-14,"北京","上海","07:00","2016-03-14","09:15","首都机场","虹桥机场","东航","东航MU5138","空客330(宽)",NA,NA,"97%","有餐食",1180,"9.5折","无"
2016-03-14,2015-03-14,"北京","上海","07:25","2016-03-14","09:45","首都机场","虹桥机场","东航","东航MU9108","波音737(中)","上航FM9108",NA,"95%","有餐食",1125,"9.1折","无"
2016-03-14,2015-03-14,"北京","上海","07:25","2016-03-14","09:45","首都机场","虹桥机场","上航","上航FM9108","波音737(中)",NA,NA,"95%","有餐食",1180,"9.5折","无"
2016-03-14,2015-03-14,"北京","上海","07:35","2016-03-14","09:55","首都机场","浦东机场","南航","南航CZ9650","空客330(宽)","东航MU5183",NA,"90%","有餐食",1165,"9.4折","无"
2016-03-14,2015-03-14,"北京","上海","07:35","2016-03-14","09:55","首都机场","虹桥机场","海航","海航HU7607","波音737(中)",NA,NA,"93%","有餐食",1225,"全价","无"
2016-03-14,2015-03-14,"北京","上海","07:35","2016-03-14","09:55","首都机场","浦东机场","东航","东航MU5183","空客330(宽)",NA,NA,"91%","有餐食",1230,"全价","无"
2016-03-14,2015-03-14,"北京","上海","08:00","2016-03-14","10:20","南苑机场","浦东机场","联航","联航KN5977","波音737(中)",NA,NA,"96%",NA,750,"6.0折","无"
2016-03-14,2015-03-14,"北京","上海","08:00","2016-03-14","10:20","南苑机场","浦东机场","东航","东航MU3817","波音737(中)","联航KN5977",NA,"96%",NA,883,"7.1折","无"
2016-03-14,2015-03-14,"北京","上海","08:00","2016-03-14","10:15","首都机场","虹桥机场","南航","南航CZ9235","空客330(宽)","东航MU5102",NA,"90%","有餐食",1140,"9.2折","无"
2016-03-14,2015-03-14,"北京","上海","08:00","2016-03-14","10:15","首都机场","虹桥机场","东航","东航MU5102","空客330(宽)",NA,NA,"90%","有餐食",1180,"9.5折","无"
2016-03-14,2015-03-14,"北京","上海","08:45","2016-03-14","10:55","首都机场","虹桥机场","海航","海航HU7605","空客330(宽)",NA,NA,"89%","有餐食",1195,"9.6折","无"
2016-03-14,2015-03-14,"北京","上海","08:50","2016-03-14","11:05","首都机场","虹桥机场","南航","南航CZ3951","空客330(宽)",NA,NA,"88%","有餐食",1240,"全价","无"
2016-03-14,2015-03-14,"北京","上海","09:00","2016-03-14","11:15","首都机场","虹桥机场","东航","东航MU5104","空客330(宽)",NA,NA,"89%",NA,1240,"全价","无"
2016-03-14,2015-03-14,"北京","上海","09:55","2016-03-14","12:20","首都机场","虹桥机场","南航","南航CZ9239","空客330(宽)","东航MU5106",NA,"89%",NA,1130,"9.1折","无"
2016-03-14,2015-03-14,"北京","上海","09:55","2016-03-14","12:20","首都机场","虹桥机场","东航","东航MU5106","空客330(宽)",NA,NA,"89%",NA,1180,"9.5折","无"
2016-03-14,2015-03-14,"北京","上海","10:55","2016-03-14","13:15","首都机场","虹桥机场","南航","南航CZ9241","空客330(宽)","东航MU5108",NA,"90%","有餐食",1130,"9.1折","无"
2016-03-14,2015-03-14,"北京","上海","10:55","2016-03-14","13:15","首都机场","虹桥机场","东航","东航MU5108","空客330(宽)",NA,NA,"90%","有餐食",1180,"9.5折","无"
2016-03-14,2015-03-14,"北京","上海","11:30","2016-03-14","13:45","首都机场","虹桥机场","南航","南航CZ9275","空客330(宽)","东航MU5152",NA,"87%","有餐食",1130,"9.1折","无"
2016-03-14,2015-03-14,"北京","上海","11:30","2016-03-14","13:45","首都机场","虹桥机场","东航","东航MU5152","空客330(宽)",NA,NA,"85%","有餐食",1180,"9.5折","无"
2016-03-14,2015-03-14,"北京","上海","11:55","2016-03-14","14:10","首都机场","虹桥机场","南航","南航CZ9243","空客A330(宽)","东航MU5110",NA,"85%","有餐食",1130,"9.1折","无"
2016-03-14,2015-03-14,"北京","上海","11:55","2016-03-14","14:10","首都机场","虹桥机场","东航","东航MU5110","空客A330(宽)",NA,NA,"84%","有餐食",1180,"9.5折","无"
2016-03-14,2015-03-14,"北京","上海","13:00","2016-03-14","15:15","首都机场","虹桥机场","南航","南航CZ9245","空客330(宽)","东航MU5112",NA,"94%","有餐食",1140,"9.2折","无"
2016-03-14,2015-03-14,"北京","上海","13:00","2016-03-14","15:15","首都机场","虹桥机场","东航","东航MU5112","空客330(宽)",NA,NA,"94%","有餐食",1180,"9.5折","无"
2016-03-14,2015-03-14,"北京","上海","13:25","2016-03-14","15:45","首都机场","虹桥机场","南航","南航CZ9277","空客320(中)","东航MU5154",NA,"95%",NA,1140,"9.2折","无"
2016-03-14,2015-03-14,"北京","深圳","06:45","2016-03-14","10:20","南苑机场","宝安机场","联航","联航KN5851","波音737(中)",NA,NA,"98%",NA,880,"4.2折","无"
2016-03-14,2015-03-14,"北京","深圳","06:45","2016-03-14","10:20","南苑机场","宝安机场","东航","东航MU9015","波音737(中)","联航KN5851",NA,"98%",NA,1482,"7.1折","无"
2016-03-14,2015-03-14,"北京","深圳","07:15","2016-03-14","12:30","首都机场","宝安机场","深航","深航ZH9581","空客320(中)",NA,"经停","69%",NA,1362,"6.5折","无"
2016-03-14,2015-03-14,"北京","深圳","07:15","2016-03-14","12:30","首都机场","宝安机场","昆明航","昆明航KY9581","空客320(中)","深航ZH9581","经停","69%",NA,1395,"7.0折","无"
2016-03-14,2015-03-14,"北京","深圳","07:55","2016-03-14","11:10","首都机场","宝安机场","深航","深航ZH9822","空客320(中)",NA,NA,"35%","有餐食",1909,"9.2折","无"
2016-03-14,2015-03-14,"北京","深圳","07:55","2016-03-14","11:10","首都机场","宝安机场","昆明航","昆明航KY9822","空客320(中)","深航ZH9822",NA,"35%","有餐食",1950,"9.8折","无"
2016-03-14,2015-03-14,"北京","深圳","08:10","2016-03-14","11:35","首都机场","宝安机场","深航","深航ZH9889","波音737(中)",NA,NA,"49%",NA,1909,"9.2折","无"
2016-03-14,2015-03-14,"北京","深圳","08:10","2016-03-14","11:35","首都机场","宝安机场","昆明航","昆明航KY9889","波音737(中)","深航ZH9889",NA,"49%",NA,1950,"9.8折","无"
2016-03-14,2015-03-14,"北京","深圳","08:10","2016-03-14","11:30","首都机场","宝安机场","厦航","厦航MF1082","空客321(中)","南航CZ3194",NA,"87%","有餐食",1969,"全价","无"
2016-03-14,2015-03-14,"北京","深圳","08:10","2016-03-14","11:30","首都机场","宝安机场","南航","南航CZ3194","空客321(中)",NA,NA,"87%","有餐食",1980,"9.5折","无"
2016-03-14,2015-03-14,"北京","深圳","08:10","2016-03-14","11:30","首都机场","宝安机场","东航","东航MU3117","空客321(中)","南航CZ3194",NA,"87%","有餐食",1982,"9.5折","无"
2016-03-14,2015-03-14,"北京","深圳","08:10","2016-03-14","12:50","首都机场","宝安机场","南航","南航CZ3256","空客320(中)",NA,"经停","82%","有餐食",2080,NA,"无"
2016-03-14,2015-03-14,"北京","深圳","08:20","2016-03-14","11:35","首都机场","宝安机场","海航","海航HU7703","空客330(宽)",NA,NA,"84%","有餐食",1785,"8.6折","无"
2016-03-14,2015-03-14,"北京","深圳","09:00","2016-03-14","12:20","首都机场","宝安机场","厦航","厦航MF1056","空客321(中)","南航CZ3156",NA,"83%","有餐食",1969,"全价","无"
2016-03-14,2015-03-14,"北京","深圳","09:00","2016-03-14","12:20","首都机场","宝安机场","南航","南航CZ3156","空客321(中)",NA,NA,"82%","有餐食",1980,"9.5折","无"
2016-03-14,2015-03-14,"北京","深圳","09:00","2016-03-14","12:20","首都机场","宝安机场","东航","东航MU3001","空客321(中)","南航CZ3156",NA,"83%","有餐食",1982,"9.5折","无"
2016-03-14,2015-03-14,"北京","深圳","09:15","2016-03-14","12:30","首都机场","宝安机场","海航","海航HU7711","波音737(中)",NA,NA,"75%","有餐食",2065,"全价","无"
2016-03-14,2015-03-14,"北京","深圳","10:40","2016-03-14","14:05","南苑机场","宝安机场","联航","联航KN5855","其他机型",NA,NA,"77%",NA,1170,"5.6折","无"
2016-03-14,2015-03-14,"北京","深圳","11:20","2016-03-14","14:35","首都机场","宝安机场","厦航","厦航MF1080","空客330(宽)","南航CZ3192",NA,"84%","有餐食",1969,"全价","无"
2016-03-14,2015-03-14,"北京","深圳","11:20","2016-03-14","14:35","首都机场","宝安机场","南航","南航CZ3192","空客330(宽)",NA,NA,"84%","有餐食",1980,"9.5折","无"
2016-03-14,2015-03-14,"北京","深圳","11:20","2016-03-14","14:35","首都机场","宝安机场","东航","东航MU3115","空客330(宽)","南航CZ3192",NA,"84%","有餐食",1982,"9.5折","无"
2016-03-14,2015-03-14,"北京","深圳","12:00","2016-03-14","15:25","首都机场","宝安机场","海航","海航HU7709","空客330(宽)",NA,NA,"80%","有餐食",1193,"5.7折","无"
2016-03-14,2015-03-14,"北京","深圳","12:50","2016-03-14","17:15","南苑机场","宝安机场","联航","联航KN5911","其他机型",NA,"经停","34%",NA,855,"4.1折","无"
2016-03-14,2015-03-14,"北京","深圳","12:50","2016-03-14","17:15","南苑机场","宝安机场","东航","东航MU3805","其他机型","联航KN5911","经停","34%",NA,1458,"7.0折","无"
2016-03-14,2015-03-14,"北京","深圳","13:00","2016-03-14","16:20","首都机场","宝安机场","厦航","厦航MF1052","空客321(中)","南航CZ3152",NA,"90%","有餐食",1969,"全价","无"
2016-03-14,2015-03-14,"北京","深圳","13:00","2016-03-14","16:20","首都机场","宝安机场","南航","南航CZ3152","空客321(中)",NA,NA,"90%","有餐食",1980,"9.5折","无"
2016-03-14,2015-03-14,"北京","深圳","13:00","2016-03-14","16:20","首都机场","宝安机场","东航","东航MU3089","空客321(中)","南航CZ3152",NA,"90%","有餐食",1982,"9.5折","无"
2016-03-14,2015-03-14,"北京","深圳","14:05","2016-03-14","17:20","首都机场","宝安机场","深航","深航ZH9852","波音737(中)",NA,NA,"71%",NA,1903,"9.1折","无"
2016-03-14,2015-03-14,"北京","深圳","14:05","2016-03-14","17:20","首都机场","宝安机场","昆明航","昆明航KY9852","波音737(中)","深航ZH9852",NA,"72%",NA,1950,"9.8折","无"
2016-03-14,2015-03-14,"北京","深圳","15:00","2016-03-14","18:20","首都机场","宝安机场","东航","东航MU3003","空客330(宽)","南航CZ3160",NA,"90%","有餐食",1916,"9.2折","无"
2016-03-14,2015-03-14,"广州","北京","07:00","2016-03-14","10:10","白云机场","首都机场","厦航","厦航MF1017","波音787(大)","南航CZ3115",NA,"100%","有餐食",1107,"5.8折","无"
2016-03-14,2015-03-14,"广州","北京","07:00","2016-03-14","10:10","白云机场","首都机场","东航","东航MU3044","波音787(大)","南航CZ3115",NA,"100%","有餐食",1120,"5.9折","无"
2016-03-14,2015-03-14,"广州","北京","07:00","2016-03-14","10:10","白云机场","首都机场","南航","南航CZ3115","波音787(大)",NA,NA,"100%","有餐食",1150,"6.0折","无"
2016-03-14,2015-03-14,"广州","北京","08:00","2016-03-14","10:55","白云机场","首都机场","厦航","厦航MF1003","空客330(宽)","南航CZ3101",NA,"92%","有餐食",1107,"5.8折","无"
2016-03-14,2015-03-14,"广州","北京","08:00","2016-03-14","10:55","白云机场","首都机场","东航","东航MU3028","空客330(宽)","南航CZ3101",NA,"92%","有餐食",1120,"5.9折","无"
2016-03-14,2015-03-14,"广州","北京","08:00","2016-03-14","10:55","白云机场","首都机场","南航","南航CZ3101","空客330(宽)",NA,NA,"92%","有餐食",1150,"6.0折","无"
2016-03-14,2015-03-14,"广州","北京","08:00","2016-03-14","11:15","白云机场","首都机场","海航","海航HU7804","波音787(大)",NA,NA,"99%","有餐食",1185,"6.2折","无"
2016-03-14,2015-03-14,"广州","北京","09:00","2016-03-14","12:05","白云机场","首都机场","厦航","厦航MF1001","空客380(大)","南航CZ3099",NA,"96%","有餐食",1484,"7.8折","无"
2016-03-14,2015-03-14,"广州","北京","09:00","2016-03-14","12:05","白云机场","首都机场","东航","东航MU3020","空客380(大)","南航CZ3099",NA,"96%","有餐食",1484,"7.8折","无"
2016-03-14,2015-03-14,"广州","北京","09:00","2016-03-14","12:05","白云机场","首都机场","南航","南航CZ3099","空客380(大)",NA,NA,"96%","有餐食",1530,"8.0折","无"
2016-03-14,2015-03-14,"广州","北京","10:00","2016-03-14","13:05","白云机场","首都机场","厦航","厦航MF1023","空客321(中)","南航CZ3121",NA,"98%","有餐食",1484,"7.8折","无"
2016-03-14,2015-03-14,"广州","北京","10:00","2016-03-14","13:05","白云机场","首都机场","东航","东航MU3046","空客321(中)","南航CZ3121",NA,"98%","有餐食",1484,"7.8折","无"
2016-03-14,2015-03-14,"广州","北京","10:00","2016-03-14","13:05","白云机场","首都机场","南航","南航CZ3121","空客321(中)",NA,NA,"98%","有餐食",1530,"8.0折","无"
2016-03-14,2015-03-14,"广州","北京","11:00","2016-03-14","14:15","白云机场","首都机场","厦航","厦航MF1005","波音737(中)","南航CZ3103",NA,"99%","有餐食",1484,"7.8折","无"
2016-03-14,2015-03-14,"广州","北京","11:00","2016-03-14","14:15","白云机场","首都机场","东航","东航MU3030","波音737(中)","南航CZ3103",NA,"99%","有餐食",1484,"7.8折","无"
2016-03-14,2015-03-14,"广州","北京","11:00","2016-03-14","14:15","白云机场","首都机场","南航","南航CZ3103","波音737(中)",NA,NA,"99%","有餐食",1530,"8.0折","无"
2016-03-14,2015-03-14,"广州","北京","11:40","2016-03-14","14:40","白云机场","首都机场","海航","海航HU7808","空客330(宽)",NA,NA,"89%","有餐食",724,"3.8折","无"
2016-03-14,2015-03-14,"广州","北京","11:55","2016-03-14","15:05","白云机场","首都机场","东航","东航MU5182","空客330(宽)",NA,NA,"96%","有餐食",760,"4.0折","无"
2016-03-14,2015-03-14,"广州","北京","13:00","2016-03-14","16:10","白云机场","首都机场","南航","南航CZ324","空客321(中)",NA,NA,"99%","有餐食",1910,"全价","无"
2016-03-14,2015-03-14,"广州","北京","13:15","2016-03-14","16:15","白云机场","首都机场","海航","海航HU7806","空客330(宽)",NA,NA,"66%","有餐食",918,"4.8折","无"
2016-03-14,2015-03-14,"广州","北京","13:25","2016-03-14","16:35","白云机场","南苑机场","联航","联航KN5816","波音737(中)",NA,NA,"96%",NA,880,"4.6折","无"
2016-03-14,2015-03-14,"广州","北京","13:25","2016-03-14","16:35","白云机场","南苑机场","东航","东航MU3782","波音737(中)","联航KN5816",NA,"96%",NA,1034,"5.4折","无"
2016-03-14,2015-03-14,"广州","北京","14:00","2016-03-14","17:10","白云机场","首都机场","厦航","厦航MF1011","空客321(中)","南航CZ3109",NA,"92%","有餐食",1484,"7.8折","无"
2016-03-14,2015-03-14,"广州","北京","14:00","2016-03-14","17:10","白云机场","首都机场","东航","东航MU3038","空客321(中)","南航CZ3109",NA,"92%","有餐食",1484,"7.8折","无"
2016-03-14,2015-03-14,"广州","北京","14:00","2016-03-14","17:10","白云机场","首都机场","南航","南航CZ3109","空客321(中)",NA,NA,"92%","有餐食",1530,"8.0折","无"
2016-03-14,2015-03-14,"广州","北京","14:05","2016-03-14","17:15","白云机场","南苑机场","联航","联航KN5818","其他机型",NA,NA,"90%",NA,925,"4.8折","无"
2016-03-14,2015-03-14,"广州","北京","14:05","2016-03-14","17:15","白云机场","南苑机场","东航","东航MU3784","其他机型","联航KN5818",NA,"90%",NA,1034,"5.4折","无"
2016-03-14,2015-03-14,"广州","北京","15:00","2016-03-14","18:05","白云机场","首都机场","厦航","厦航MF4533","空客380(大)","南航CZ3999",NA,"94%","有餐食",1484,"7.8折","无"
2016-03-14,2015-03-14,"广州","北京","15:00","2016-03-14","18:05","白云机场","首都机场","东航","东航MU3018","空客380(大)","南航CZ3999",NA,"94%","有餐食",1484,"7.8折","无"
2016-03-14,2015-03-14,"广州","北京","15:00","2016-03-14","18:05","白云机场","首都机场","南航","南航CZ3999","空客380(大)",NA,NA,"94%","有餐食",1530,"8.0折","无"
2016-03-14,2015-03-14,"广州","上海","06:55","2016-03-14","09:10","白云机场","虹桥机场","吉祥航","吉祥航HO1288","空客320(中)",NA,NA,"98%","有餐食",1324,"9.8折","无"
2016-03-14,2015-03-14,"广州","上海","07:30","2016-03-14","09:50","白云机场","浦东机场","东航","东航MU9304","波音737(中)","上航FM9304",NA,"88%","有餐食",875,"6.5折","无"
2016-03-14,2015-03-14,"广州","上海","07:30","2016-03-14","09:50","白云机场","浦东机场","上航","上航FM9304","波音737(中)",NA,NA,"88%","有餐食",950,"7.0折","无"
2016-03-14,2015-03-14,"广州","上海","08:00","2016-03-14","10:20","白云机场","虹桥机场","东航","东航MU3324","波音777(大)","南航CZ3523",NA,"97%","有餐食",1321,"9.8折","无"
2016-03-14,2015-03-14,"广州","上海","08:00","2016-03-14","10:20","白云机场","虹桥机场","厦航","厦航MF1361","波音777(大)","南航CZ3523",NA,"97%","有餐食",1325,"9.8折","无"
2016-03-14,2015-03-14,"广州","上海","08:00","2016-03-14","10:20","白云机场","虹桥机场","南航","南航CZ3523","波音777(大)",NA,NA,"97%","有餐食",1350,"全价","无"
2016-03-14,2015-03-14,"广州","上海","08:30","2016-03-14","10:45","白云机场","虹桥机场","东航","东航MU5302","波音737(中)",NA,NA,"95%","有餐食",1070,"7.9折","无"
2016-03-14,2015-03-14,"广州","上海","08:30","2016-03-14","10:45","白云机场","虹桥机场","南航","南航CZ9354","波音737(中)","东航MU5302",NA,"94%","有餐食",1132,"8.4折","无"
2016-03-14,2015-03-14,"广州","上海","08:40","2016-03-14","10:55","白云机场","浦东机场","海航","海航HU7141","波音737(中)",NA,NA,"87%","有餐食",903,"6.7折","无"
2016-03-14,2015-03-14,"广州","上海","09:00","2016-03-14","11:20","白云机场","浦东机场","厦航","厦航MF1449","空客320(中)","南航CZ3613",NA,"89%","有餐食",1324,"9.8折","无"
2016-03-14,2015-03-14,"广州","上海","09:00","2016-03-14","11:20","白云机场","浦东机场","东航","东航MU3408","空客320(中)","南航CZ3613",NA,"89%","有餐食",1327,"9.8折","无"
2016-03-14,2015-03-14,"广州","上海","09:00","2016-03-14","11:20","白云机场","浦东机场","南航","南航CZ3613","空客320(中)",NA,NA,"85%","有餐食",1350,"全价","无"
2016-03-14,2015-03-14,"广州","上海","09:30","2016-03-14","11:50","白云机场","虹桥机场","南航","南航CZ9356","波音737(中)","东航MU5304",NA,"89%","有餐食",1260,"9.3折","无"
2016-03-14,2015-03-14,"广州","上海","09:30","2016-03-14","11:50","白云机场","虹桥机场","东航","东航MU5304","波音737(中)",NA,NA,"89%","有餐食",1340,"全价","无"
2016-03-14,2015-03-14,"广州","上海","09:55","2016-03-14","12:15","白云机场","虹桥机场","东航","东航MU9302","波音767(大)","上航FM9302",NA,"90%","有餐食",1234,"9.1折","无"
2016-03-14,2015-03-14,"广州","上海","09:55","2016-03-14","12:15","白云机场","虹桥机场","上航","上航FM9302","波音767(大)",NA,NA,"90%","有餐食",1340,"全价","无"
2016-03-14,2015-03-14,"广州","上海","10:00","2016-03-14","12:20","白云机场","虹桥机场","厦航","厦航MF1369","空客330(宽)","南航CZ3531",NA,"89%","有餐食",1301,"9.6折","无"
2016-03-14,2015-03-14,"广州","上海","10:00","2016-03-14","12:20","白云机场","虹桥机场","东航","东航MU3332","空客330(宽)","南航CZ3531",NA,"89%","有餐食",1321,"9.8折","无"
2016-03-14,2015-03-14,"广州","上海","10:00","2016-03-14","12:20","白云机场","虹桥机场","南航","南航CZ3531","空客330(宽)",NA,NA,"89%","有餐食",1350,"全价","无"
2016-03-14,2015-03-14,"广州","上海","10:30","2016-03-14","12:45","白云机场","虹桥机场","南航","南航CZ9358","空客321(中)","东航MU5306",NA,"72%",NA,1260,"9.3折","无"
2016-03-14,2015-03-14,"广州","上海","10:30","2016-03-14","12:45","白云机场","虹桥机场","东航","东航MU5306","空客321(中)",NA,NA,"72%",NA,1340,"全价","无"
2016-03-14,2015-03-14,"广州","上海","10:55","2016-03-14","13:20","白云机场","虹桥机场","春秋","春秋9C8836","空客320(中)",NA,NA,"88%",NA,1350,"全价","无"
2016-03-14,2015-03-14,"广州","上海","11:00","2016-03-14","13:20","白云机场","虹桥机场","东航","东航MU3336","空客330(宽)","南航CZ3537",NA,"88%","有餐食",1321,"9.8折","无"
2016-03-14,2015-03-14,"广州","上海","11:00","2016-03-14","13:20","白云机场","虹桥机场","厦航","厦航MF1373","空客330(宽)","南航CZ3537",NA,"88%","有餐食",1325,"9.8折","无"
2016-03-14,2015-03-14,"广州","上海","11:00","2016-03-14","13:20","白云机场","虹桥机场","南航","南航CZ3537","空客330(宽)",NA,NA,"88%","有餐食",1350,"全价","无"
2016-03-14,2015-03-14,"广州","上海","11:30","2016-03-14","13:50","白云机场","虹桥机场","东航","东航MU9306","波音737(中)","上航FM9306",NA,"89%","有餐食",1244,"9.2折","无"
2016-03-14,2015-03-14,"广州","上海","11:30","2016-03-14","13:50","白云机场","虹桥机场","上航","上航FM9306","波音737(中)",NA,NA,"89%","有餐食",1340,"全价","无"
2016-03-14,2015-03-14,"广州","上海","12:00","2016-03-14","14:20","白云机场","虹桥机场","东航","东航MU3148","空客330(宽)","南航CZ3235",NA,"79%","有餐食",1321,"9.8折","无"
2016-03-14,2015-03-14,"广州","上海","12:00","2016-03-14","14:20","白云机场","虹桥机场","厦航","厦航MF1115","空客330(宽)","南航CZ3235",NA,"79%","有餐食",1325,"9.8折","无"
2016-03-14,2015-03-14,"广州","上海","12:00","2016-03-14","14:20","白云机场","虹桥机场","南航","南航CZ3235","空客330(宽)",NA,NA,"79%","有餐食",1350,"全价","无"
2016-03-14,2015-03-14,"广州","深圳","00:50","2016-03-14","02:00","白云机场","美兰机场","南航","南航CZ6774A","空客321(中)",NA,NA,"95%","率有餐食",1450,"8.1折","海口"
2016-03-14,2015-03-14,"广州","深圳","06:25","2016-03-14","07:45","美兰机场","宝安机场","海航","海航HU7013","波音737(中)",NA,NA,NA,"有餐食",1450,"8.1折","海口"
2016-03-14,2015-03-14,"广州","深圳","06:25","2016-03-14","07:35","天白云机场","美兰机场","深航","深航ZH9876","波音737(中)",NA,NA,"72%","有餐食",779,"5.6折","海口"
2016-03-14,2015-03-14,"广州","深圳","22:45","2016-03-15","00:05","美兰机场","宝安机场",NA,NA,"空客320(中)",NA,NA,"86%","有餐食",779,"5.6折","海口"
2016-03-14,2015-03-14,"广州","深圳","07:00","2016-03-14","09:15","白云机场","禄口机场","海航","海航HU7213","波音737(中)",NA,NA,"90%","有餐食",4508,"8.3折","南京"
2016-03-14,2015-03-14,"广州","深圳","20:55","2016-03-14","23:15","禄口机场","宝安机场","海航","海航HU7664","空客330(宽)",NA,NA,"67%","有餐食",4508,"8.3折","南京"
2016-03-14,2015-03-14,"广州","深圳","10:15","2016-03-14","11:40","白云机场","吴圩机场","南航","南航CZ3296","波音737(中)",NA,NA,"86%","有餐食",1184,"7.3折","南宁"
2016-03-14,2015-03-14,"广州","深圳","21:25","2016-03-14","23:00","吴圩机场","宝安机场","深航","深航ZH9596","波音737(中)",NA,NA,"96%","有餐食",1184,"7.3折","南宁"
2016-03-14,2015-03-14,"广州","深圳","10:15","2016-03-14","11:40","白云机场","吴圩机场","南航","南航CZ3296","波音737(中)",NA,NA,"86%","有餐食",1260,"7.8折","南宁"
2016-03-14,2015-03-14,"广州","深圳","20:15","2016-03-14","21:40","吴圩机场","宝安机场","南航","南航CZ3239","波音737(中)",NA,NA,"89%","有餐食",1260,"7.8折","南宁"
2016-03-14,2015-03-14,"广州","深圳","10:15","2016-03-14","12:00","白云机场","龙洞堡机场","厦航","厦航MF1490","波音737(中)","实际乘坐：南航CZ3662",NA,"92%","有餐食",1527,"7.8折","贵阳"
2016-03-14,2015-03-14,"广州","深圳","17:00","2016-03-14","18:40","龙洞堡机场","宝安机场","厦航","厦航MF1493","波音737(中)","实际乘坐：南航CZ3667",NA,"86%","有餐食",1527,"7.8折","贵阳"
2016-03-14,2015-03-14,"广州","深圳","10:15","2016-03-14","12:00","白云机场","龙洞堡机场","南航","南航CZ3662","波音737(中)",NA,NA,"92%","有餐食",1560,"8.0折","贵阳"
2016-03-14,2015-03-14,"广州","深圳","17:00","2016-03-14","18:40","龙洞堡机场","宝安机场","南航","南航CZ3667","波音737(中)",NA,NA,"86%","有餐食",1560,"8.0折","贵阳"
2016-03-14,2015-03-14,"广州","深圳","14:25","2016-03-14","15:50","白云机场","吴圩机场","南航","南航CZ3294","波音737(中)",NA,NA,"49%","有餐食",1184,"7.3折","南宁"
2016-03-14,2015-03-14,"广州","深圳","21:25","2016-03-14","23:00","吴圩机场","宝安机场","深航","深航ZH9596","波音737(中)",NA,NA,"96%","有餐食",1184,"7.3折","南宁"
2016-03-14,2015-03-14,"广州","深圳","14:25","2016-03-14","15:50","白云机场","吴圩机场","南航","南航CZ3294","波音737(中)",NA,NA,"49%","有餐食",1260,"7.8折","南宁"
2016-03-14,2015-03-14,"广州","深圳","20:15","2016-03-14","21:40","吴圩机场","宝安机场","南航","南航CZ3239","波音737(中)",NA,NA,"89%","有餐食",1260,"7.8折","南宁"
2016-03-14,2015-03-14,"广州","深圳","16:35","2016-03-14","19:00","白云机场","禄口机场","深航","深航ZH9621","波音737(中)",NA,NA,"94%","有餐食",1770,"6.2折","南京"
2016-03-14,2015-03-14,"广州","深圳","21:10","2016-03-14","23:45","禄口机场","宝安机场","深航","深航ZH9708","波音737(中)",NA,NA,"80%","有餐食",1770,"6.2折","南京"
2016-03-14,2015-03-14,"上海","北京","06:40","2016-03-14","09:10","浦东机场","南苑机场","联航","联航KN5988","波音737(中)",NA,NA,"94%",NA,635,"5.1折","无"
2016-03-14,2015-03-14,"上海","北京","06:40","2016-03-14","09:10","浦东机场","南苑机场","东航","东航MU3822","波音737(中)","联航KN5988",NA,"94%",NA,735,"5.9折","无"
2016-03-14,2015-03-14,"上海","北京","07:00","2016-03-14","09:20","虹桥机场","首都机场","东航","东航MU5137","空客330(宽)",NA,NA,"98%","有餐食",3840,NA,"无"
2016-03-14,2015-03-14,"上海","北京","08:00","2016-03-14","10:20","虹桥机场","首都机场","东航","东航MU5101","空客330(宽)",NA,NA,"99%","有餐食",1240,"全价","无"
2016-03-14,2015-03-14,"上海","北京","08:20","2016-03-14","10:55","虹桥机场","首都机场","海航","海航HU7604","波音737(中)",NA,NA,"93%","有餐食",649,"5.2折","无"
2016-03-14,2015-03-14,"上海","北京","08:30","2016-03-14","10:45","虹桥机场","首都机场","东航","东航MU5151","空客A330(宽)",NA,NA,"92%",NA,1240,"全价","无"
2016-03-14,2015-03-14,"上海","北京","09:00","2016-03-14","11:20","虹桥机场","首都机场","东航","东航MU5103","空客330(宽)",NA,NA,"99%",NA,1240,"全价","无"
2016-03-14,2015-03-14,"上海","北京","09:00","2016-03-14","11:25","浦东机场","首都机场","东航","东航MU5129","空客330(宽)",NA,NA,"89%",NA,3100,NA,"无"
2016-03-14,2015-03-14,"上海","北京","09:30","2016-03-14","11:45","虹桥机场","首都机场","南航","南航CZ9276","空客320(中)","东航MU5153",NA,"88%",NA,1143,"9.2折","无"
2016-03-14,2015-03-14,"上海","北京","09:30","2016-03-14","11:45","虹桥机场","首都机场","东航","东航MU5153","空客320(中)",NA,NA,"88%",NA,1230,"全价","无"
2016-03-14,2015-03-14,"上海","北京","10:00","2016-03-14","12:20","虹桥机场","首都机场","东航","东航MU5105","空客330(宽)",NA,NA,"95%",NA,1240,"全价","无"
2016-03-14,2015-03-14,"上海","北京","10:15","2016-03-14","12:40","虹桥机场","首都机场","东航","东航MU4565","空客321(中)","南航CZ6411",NA,"97%","有餐食",998,"8.0折","无"
2016-03-14,2015-03-14,"上海","北京","10:15","2016-03-14","12:40","虹桥机场","首都机场","厦航","厦航MF4061","空客321(中)","南航CZ6411",NA,"97%","有餐食",1044,"8.4折","无"
2016-03-14,2015-03-14,"上海","北京","10:15","2016-03-14","12:40","虹桥机场","首都机场","南航","南航CZ6411","空客321(中)",NA,NA,"97%","有餐食",1060,"8.5折","无"
2016-03-14,2015-03-14,"上海","北京","10:55","2016-03-14","13:10","虹桥机场","首都机场","海航","海航HU7608","波音737(中)",NA,NA,"94%","有餐食",532,"4.3折","无"
2016-03-14,2015-03-14,"上海","北京","11:00","2016-03-14","13:20","虹桥机场","首都机场","南航","南航CZ9240","空客330(宽)","东航MU5107",NA,"88%",NA,1143,"9.2折","无"
2016-03-14,2015-03-14,"上海","北京","11:00","2016-03-14","13:20","虹桥机场","首都机场","东航","东航MU5107","空客330(宽)",NA,NA,"88%",NA,1230,"全价","无"
2016-03-14,2015-03-14,"上海","北京","11:20","2016-03-14","13:50","浦东机场","南苑机场","联航","联航KN5978","波音737(中)",NA,NA,"82%",NA,527,"4.3折","无"
2016-03-14,2015-03-14,"上海","北京","11:20","2016-03-14","13:50","浦东机场","南苑机场","东航","东航MU3818","波音737(中)","联航KN5978",NA,"84%",NA,735,"5.9折","无"
2016-03-14,2015-03-14,"上海","北京","11:55","2016-03-14","14:10","虹桥机场","首都机场","海航","海航HU7606","空客330(宽)",NA,NA,"90%","有餐食",532,"4.3折","无"
2016-03-14,2015-03-14,"上海","北京","11:55","2016-03-14","14:25","虹桥机场","首都机场","南航","南航CZ9242","空客330(宽)","东航MU5109",NA,"89%","有餐食",1140,"9.2折","无"
2016-03-14,2015-03-14,"上海","北京","11:55","2016-03-14","14:25","虹桥机场","首都机场","东航","东航MU5109","空客330(宽)",NA,NA,"89%","有餐食",1230,"全价","无"
2016-03-14,2015-03-14,"上海","北京","12:20","2016-03-14","14:40","虹桥机场","首都机场","厦航","厦航MF1746","空客330(宽)","南航CZ3952",NA,"93%","有餐食",684,"5.5折","无"
2016-03-14,2015-03-14,"上海","北京","12:20","2016-03-14","14:40","虹桥机场","首都机场","南航","南航CZ3952","空客330(宽)",NA,NA,"93%","有餐食",700,"5.6折","无"
2016-03-14,2015-03-14,"上海","北京","12:20","2016-03-14","14:40","虹桥机场","首都机场","东航","东航MU3676","空客330(宽)","南航CZ3952",NA,"93%","有餐食",703,"5.7折","无"
2016-03-14,2015-03-14,"上海","北京","12:20","2016-03-14","14:55","浦东机场","首都机场","东航","东航MU564","空客330(宽)",NA,NA,"92%","有餐食",1230,"全价","无"
2016-03-14,2015-03-14,"上海","北京","13:00","2016-03-14","15:20","虹桥机场","首都机场","南航","南航CZ9244","空客330(宽)","东航MU5111",NA,"92%","有餐食",1140,"9.2折","无"
2016-03-14,2015-03-14,"上海","北京","13:00","2016-03-14","15:20","虹桥机场","首都机场","东航","东航MU5111","空客330(宽)",NA,NA,"92%","有餐食",1230,"全价","无"
2016-03-14,2015-03-14,"上海","北京","13:35","2016-03-14","16:00","虹桥机场","首都机场","东航","东航MU9103","波音737(中)","上航FM9103",NA,"93%",NA,700,"5.6折","无"
2016-03-14,2015-03-14,"上海","北京","13:35","2016-03-14","16:00","虹桥机场","首都机场","上航","上航FM9103","波音737(中)",NA,NA,"93%",NA,1180,"9.5折","无"
2016-03-14,2015-03-14,"上海","广州","07:25","2016-03-14","10:00","虹桥机场","白云机场","春秋","春秋9C8835","空客320(中)",NA,NA,"94%",NA,1350,"全价","无"
2016-03-14,2015-03-14,"上海","广州","08:30","2016-03-14","11:05","虹桥机场","白云机场","上航","上航FM9303","空客330(宽)",NA,NA,"98%","有餐食",1350,"全价","无"
2016-03-14,2015-03-14,"上海","广州","08:30","2016-03-14","11:05","虹桥机场","白云机场","东航","东航MU9303","空客330(宽)","上航FM9303",NA,"98%","有餐食",3313,NA,"无"
2016-03-14,2015-03-14,"上海","广州","08:45","2016-03-14","11:15","虹桥机场","白云机场","南航","南航CZ3596","空客321(中)",NA,NA,"96%","有餐食",3110,NA,"无"
2016-03-14,2015-03-14,"上海","广州","08:45","2016-03-14","11:30","浦东机场","白云机场","东航","东航MU9305","波音737(中)","上航FM9305",NA,"92%",NA,3306,NA,"无"
2016-03-14,2015-03-14,"上海","广州","08:45","2016-03-14","11:30","浦东机场","白云机场","上航","上航FM9305","波音737(中)",NA,NA,"92%",NA,3380,NA,"无"
2016-03-14,2015-03-14,"上海","广州","09:30","2016-03-14","12:05","虹桥机场","白云机场","东航","东航MU5301","空客320(中)",NA,NA,"92%","有餐食",1350,"全价","无"
2016-03-14,2015-03-14,"上海","广州","10:30","2016-03-14","13:05","虹桥机场","白云机场","东航","东航MU5303","空客320(中)",NA,NA,"94%","有餐食",3090,NA,"无"
2016-03-14,2015-03-14,"上海","广州","11:30","2016-03-14","14:05","虹桥机场","白云机场","东航","东航MU5305","空客321(中)",NA,NA,"92%","有餐食",1350,"全价","无"
2016-03-14,2015-03-14,"上海","广州","11:45","2016-03-14","14:20","虹桥机场","白云机场","厦航","厦航MF1362","波音777(大)","南航CZ3524",NA,"97%","有餐食",1293,"9.6折","无"
2016-03-14,2015-03-14,"上海","广州","11:45","2016-03-14","14:20","虹桥机场","白云机场","东航","东航MU3325","波音777(大)","南航CZ3524",NA,"97%","有餐食",1319,"9.8折","无"
2016-03-14,2015-03-14,"上海","广州","11:45","2016-03-14","14:20","虹桥机场","白云机场","南航","南航CZ3524","波音777(大)",NA,NA,"96%","有餐食",1350,"全价","无"
2016-03-14,2015-03-14,"上海","广州","11:55","2016-03-14","14:40","浦东机场","白云机场","海航","海航HU7142","波音737(中)",NA,NA,"82%","有餐食",887,"6.6折","无"
2016-03-14,2015-03-14,"上海","广州","12:25","2016-03-14","15:05","虹桥机场","白云机场","春秋","春秋9C8855","空客320(中)",NA,NA,"82%",NA,830,"6.1折","无"
2016-03-14,2015-03-14,"上海","广州","12:35","2016-03-14","15:10","虹桥机场","白云机场","南航","南航CZ9359","波音737(中)","东航MU5307",NA,"91%","有餐食",1253,"9.3折","无"
2016-03-14,2015-03-14,"上海","广州","12:35","2016-03-14","15:10","虹桥机场","白云机场","东航","东航MU5307","波音737(中)",NA,NA,"91%","有餐食",1320,"9.8折","无"
2016-03-14,2015-03-14,"上海","广州","13:00","2016-03-14","15:45","浦东机场","白云机场","东航","东航MU5553","空客320(中)",NA,NA,"75%",NA,1340,"全价","无"
2016-03-14,2015-03-14,"上海","广州","13:30","2016-03-14","16:10","虹桥机场","白云机场","东航","东航MU9313","波音767(大)","上航FM9313",NA,"89%",NA,1234,"9.1折","无"
2016-03-14,2015-03-14,"上海","广州","13:30","2016-03-14","16:10","虹桥机场","白云机场","上航","上航FM9313","波音767(大)",NA,NA,"89%",NA,1320,"9.8折","无"
2016-03-14,2015-03-14,"上海","广州","13:45","2016-03-14","16:15","虹桥机场","白云机场","厦航","厦航MF1370","空客330(宽)","南航CZ3532",NA,"89%","有餐食",1288,"9.5折","无"
2016-03-14,2015-03-14,"上海","广州","13:45","2016-03-14","16:15","虹桥机场","白云机场","南航","南航CZ3532","空客330(宽)",NA,NA,"89%","有餐食",1310,"9.7折","无"
2016-03-14,2015-03-14,"上海","广州","13:45","2016-03-14","16:15","虹桥机场","白云机场","东航","东航MU3333","空客330(宽)","南航CZ3532",NA,"89%","有餐食",1319,"9.8折","无"
2016-03-14,2015-03-14,"上海","广州","14:30","2016-03-14","17:05","虹桥机场","白云机场","南航","南航CZ9362","空客320(中)","东航MU5311",NA,"77%",NA,1253,"9.3折","无"
2016-03-14,2015-03-14,"上海","广州","14:30","2016-03-14","17:05","虹桥机场","白云机场","吉祥航","吉祥航HO1751","空客320(中)","东航MU5311",NA,"77%",NA,1281,"9.5折","无"
2016-03-14,2015-03-14,"上海","广州","14:30","2016-03-14","17:05","虹桥机场","白云机场","东航","东航MU5311","空客320(中)",NA,NA,"77%",NA,1320,"9.8折","无"
2016-03-14,2015-03-14,"上海","广州","14:45","2016-03-14","17:20","虹桥机场","白云机场","厦航","厦航MF1374","空客330(宽)","南航CZ3538",NA,"79%","有餐食",1288,"9.5折","无"
2016-03-14,2015-03-14,"上海","广州","14:45","2016-03-14","17:20","虹桥机场","白云机场","南航","南航CZ3538","空客330(宽)",NA,NA,"79%","有餐食",1310,"9.7折","无"
2016-03-14,2015-03-14,"上海","广州","14:45","2016-03-14","17:20","虹桥机场","白云机场","东航","东航MU3337","空客330(宽)","南航CZ3538",NA,"79%","有餐食",1319,"9.8折","无"
2016-03-14,2015-03-14,"上海","广州","15:20","2016-03-14","17:55","虹桥机场","白云机场","东航","东航MU9307","波音737(中)","上航FM9307",NA,"80%","有餐食",1234,"9.1折","无"
2016-03-14,2015-03-14,"上海","广州","15:20","2016-03-14","17:55","虹桥机场","白云机场","上航","上航FM9307","波音737(中)",NA,NA,"80%","有餐食",1320,"9.8折","无"
2016-03-14,2015-03-14,"上海","深圳","07:20","2016-03-14","10:10","浦东机场","宝安机场","厦航","厦航MF1473","空客320(中)","南航CZ3645",NA,"95%","有餐食",1044,"7.5折","无"
2016-03-14,2015-03-14,"上海","深圳","07:20","2016-03-14","10:10","浦东机场","宝安机场","南航","南航CZ3645","空客320(中)",NA,NA,"95%","有餐食",1120,"8.0折","无"
2016-03-14,2015-03-14,"上海","深圳","07:20","2016-03-14","10:10","浦东机场","宝安机场","东航","东航MU3025","空客320(中)","南航CZ3645",NA,"95%","有餐食",1160,"8.3折","无"
2016-03-14,2015-03-14,"上海","深圳","07:20","2016-03-14","10:05","虹桥机场","宝安机场","吉祥航","吉祥航HO1111","空客321(中)",NA,NA,"96%","有餐食",1709,NA,"无"
2016-03-14,2015-03-14,"上海","深圳","07:55","2016-03-14","10:35","虹桥机场","宝安机场","南航","南航CZ3590","空客321(中)",NA,NA,"79%","有餐食",3220,NA,"无"
2016-03-14,2015-03-14,"上海","深圳","08:50","2016-03-14","11:50","浦东机场","宝安机场","东航","东航MU5335","空客319(中)",NA,NA,"92%",NA,1400,"全价","无"
2016-03-14,2015-03-14,"上海","深圳","09:00","2016-03-14","11:40","虹桥机场","宝安机场","东航","东航MU5333","空客321(中)",NA,NA,"92%",NA,3500,NA,"无"
2016-03-14,2015-03-14,"上海","深圳","09:25","2016-03-14","13:30","虹桥机场","宝安机场","昆明航","昆明航KY9722","空客320(中)","深航ZH9722","经停","82%",NA,905,"6.5折","无"
2016-03-14,2015-03-14,"上海","深圳","09:25","2016-03-14","13:30","虹桥机场","宝安机场","吉祥航","吉祥航HO1957","空客320(中)","深航ZH9722","经停","82%",NA,916,"6.5折","无"
2016-03-14,2015-03-14,"上海","深圳","09:25","2016-03-14","13:30","虹桥机场","宝安机场","深航","深航ZH9722","空客320(中)",NA,"经停","82%",NA,917,"6.6折","无"
2016-03-14,2015-03-14,"上海","深圳","09:50","2016-03-14","12:35","虹桥机场","宝安机场","春秋","春秋9C8775","空客320(中)",NA,NA,"96%",NA,1400,"全价","无"
2016-03-14,2015-03-14,"上海","深圳","10:20","2016-03-14","13:05","虹桥机场","宝安机场","东航","东航MU5337","空客320(中)",NA,NA,"91%",NA,3500,NA,"无"
2016-03-14,2015-03-14,"上海","深圳","10:25","2016-03-14","13:15","虹桥机场","宝安机场","厦航","厦航MF8371","波音757(中)",NA,NA,"98%","有餐食",1019,"7.3折","无"
2016-03-14,2015-03-14,"上海","深圳","10:25","2016-03-14","13:15","虹桥机场","宝安机场","河北航","河北航NS8371","波音757(中)","厦航MF8371",NA,"97%","有餐食",1021,"7.3折","无"
2016-03-14,2015-03-14,"上海","深圳","10:25","2016-03-14","13:15","虹桥机场","宝安机场","南航","南航CZ5275","波音757(中)","厦航MF8371",NA,"97%","有餐食",1044,"7.5折","无"
2016-03-14,2015-03-14,"上海","深圳","10:30","2016-03-14","13:10","虹桥机场","宝安机场","厦航","厦航MF1412","空客321(中)","南航CZ3576",NA,"98%","有餐食",1332,"9.5折","无"
2016-03-14,2015-03-14,"上海","深圳","10:30","2016-03-14","13:10","虹桥机场","宝安机场","东航","东航MU3373","空客321(中)","南航CZ3576",NA,"98%","有餐食",1371,"9.8折","无"
2016-03-14,2015-03-14,"上海","深圳","10:30","2016-03-14","13:10","虹桥机场","宝安机场","南航","南航CZ3576","空客321(中)",NA,NA,"97%","有餐食",1400,"全价","无"
2016-03-14,2015-03-14,"上海","深圳","11:10","2016-03-14","14:00","虹桥机场","宝安机场","东航","东航MU9331","波音737(中)","上航FM9331",NA,"88%","有餐食",1291,"9.2折","无"
2016-03-14,2015-03-14,"上海","深圳","11:10","2016-03-14","14:00","虹桥机场","宝安机场","上航","上航FM9331","波音737(中)",NA,NA,"88%","有餐食",1390,"全价","无"
2016-03-14,2015-03-14,"上海","深圳","11:35","2016-03-14","14:20","虹桥机场","宝安机场","深航","深航ZH9918","波音737(中)",NA,NA,"94%",NA,1303,"9.3折","无"
2016-03-14,2015-03-14,"上海","深圳","11:35","2016-03-14","14:20","虹桥机场","宝安机场","吉祥航","吉祥航HO1968","波音737(中)","深航ZH9918",NA,"94%",NA,1316,"9.4折","无"
2016-03-14,2015-03-14,"上海","深圳","11:35","2016-03-14","14:20","虹桥机场","宝安机场","昆明航","昆明航KY9918","波音737(中)","深航ZH9918",NA,"94%",NA,1327,"9.5折","无"
2016-03-14,2015-03-14,"上海","深圳","12:05","2016-03-14","14:45","虹桥机场","宝安机场","南航","南航CZ9382","空客320(中)","东航MU5341",NA,"80%","有餐食",1285,"9.2折","无"
2016-03-14,2015-03-14,"上海","深圳","12:05","2016-03-14","14:45","虹桥机场","宝安机场","东航","东航MU5341","空客320(中)",NA,NA,"79%","有餐食",1390,"全价","无"
2016-03-14,2015-03-14,"上海","深圳","12:15","2016-03-14","14:55","虹桥机场","宝安机场","厦航","厦航MF1390","空客330(宽)","南航CZ3554",NA,"96%","有餐食",1181,"8.4折","无"
2016-03-14,2015-03-14,"上海","深圳","12:15","2016-03-14","14:55","虹桥机场","宝安机场","东航","东航MU3357","空客330(宽)","南航CZ3554",NA,"96%","有餐食",1200,"8.6折","无"
2016-03-14,2015-03-14,"上海","深圳","12:15","2016-03-14","14:55","虹桥机场","宝安机场","南航","南航CZ3554","空客330(宽)",NA,NA,"96%","有餐食",1260,"9.0折","无"
2016-03-14,2015-03-14,"上海","深圳","12:55","2016-03-14","15:40","虹桥机场","宝安机场","深航","深航ZH9812","波音737(中)",NA,NA,"92%",NA,1070,"7.6折","无"
2016-03-14,2015-03-14,"上海","深圳","12:55","2016-03-14","15:40","虹桥机场","宝安机场","吉祥航","吉祥航HO1962","波音737(中)","深航ZH9812",NA,"92%",NA,1316,"9.4折","无"
2016-03-14,2015-03-14,"深圳","北京","07:25","2016-03-14","10:45","宝安机场","首都机场","深航","深航ZH9959","空客320(中)",NA,NA,"94%",NA,1815,"8.7折","无"
2016-03-14,2015-03-14,"深圳","北京","07:30","2016-03-14","10:50","宝安机场","首都机场","海航","海航HU7710","空客330(宽)",NA,NA,"95%","有餐食",1435,"6.9折","无"
2016-03-14,2015-03-14,"深圳","北京","08:30","2016-03-14","11:45","宝安机场","首都机场","厦航","厦航MF1051","空客321(中)","南航CZ3151",NA,"99%","有餐食",1751,"9.1折","无"
2016-03-14,2015-03-14,"深圳","北京","08:30","2016-03-14","11:45","宝安机场","首都机场","东航","东航MU3088","空客321(中)","南航CZ3151",NA,"99%","有餐食",1765,"8.5折","无"
2016-03-14,2015-03-14,"深圳","北京","08:30","2016-03-14","11:45","宝安机场","首都机场","南航","南航CZ3151","空客321(中)",NA,NA,"99%","有餐食",1780,"8.6折","无"
2016-03-14,2015-03-14,"深圳","北京","09:40","2016-03-14","13:05","宝安机场","首都机场","深航","深航ZH9851","波音737(中)",NA,NA,"99%",NA,1254,"6.0折","无"
2016-03-14,2015-03-14,"深圳","北京","09:40","2016-03-14","13:05","宝安机场","首都机场","昆明航","昆明航KY9851","波音737(中)","深航ZH9851",NA,"99%",NA,1315,"6.6折","无"
2016-03-14,2015-03-14,"深圳","北京","10:30","2016-03-14","13:40","宝安机场","首都机场","厦航","厦航MF1057","空客330(宽)","南航CZ3159",NA,"100%","有餐食",1366,"7.1折","无"
2016-03-14,2015-03-14,"深圳","北京","10:30","2016-03-14","13:40","宝安机场","首都机场","东航","东航MU3002","空客330(宽)","南航CZ3159",NA,"100%","有餐食",1380,"6.6折","无"
2016-03-14,2015-03-14,"深圳","北京","10:30","2016-03-14","13:40","宝安机场","首都机场","南航","南航CZ3159","空客330(宽)",NA,NA,"100%","有餐食",1390,"6.7折","无"
2016-03-14,2015-03-14,"深圳","北京","11:20","2016-03-14","14:35","宝安机场","南苑机场","联航","联航KN5852","波音737(中)",NA,NA,"99%",NA,803,"3.9折","无"
2016-03-14,2015-03-14,"深圳","北京","11:20","2016-03-14","14:35","宝安机场","南苑机场","东航","东航MU9016","波音737(中)","联航KN5852",NA,"99%",NA,1482,"7.1折","无"
2016-03-14,2015-03-14,"深圳","北京","12:15","2016-03-14","15:35","宝安机场","首都机场","深航","深航ZH9801","波音737(中)",NA,NA,"83%",NA,1254,"6.0折","无"
2016-03-14,2015-03-14,"深圳","北京","12:15","2016-03-14","15:35","宝安机场","首都机场","昆明航","昆明航KY9801","波音737(中)","深航ZH9801",NA,"83%",NA,1315,"6.6折","无"
2016-03-14,2015-03-14,"深圳","北京","12:30","2016-03-14","15:40","宝安机场","首都机场","厦航","厦航MF1081","空客321(中)","南航CZ3193",NA,"86%","有餐食",1366,"7.1折","无"
2016-03-14,2015-03-14,"深圳","北京","12:30","2016-03-14","15:40","宝安机场","首都机场","东航","东航MU3116","空客321(中)","南航CZ3193",NA,"86%","有餐食",1380,"6.6折","无"
2016-03-14,2015-03-14,"深圳","北京","12:30","2016-03-14","15:40","宝安机场","首都机场","南航","南航CZ3193","空客321(中)",NA,NA,"85%","有餐食",1390,"6.7折","无"
2016-03-14,2015-03-14,"深圳","北京","12:50","2016-03-14","15:55","宝安机场","首都机场","海航","海航HU7704","空客330(宽)",NA,NA,"87%","有餐食",994,"4.8折","无"
2016-03-14,2015-03-14,"深圳","北京","13:25","2016-03-14","16:40","宝安机场","首都机场","厦航","厦航MF1053","空客321(中)","南航CZ3153",NA,"85%","有餐食",1366,"7.1折","无"
2016-03-14,2015-03-14,"深圳","北京","13:25","2016-03-14","16:40","宝安机场","首都机场","东航","东航MU3092","空客321(中)","南航CZ3153",NA,"85%","有餐食",1380,"6.6折","无"
2016-03-14,2015-03-14,"深圳","北京","13:25","2016-03-14","16:40","宝安机场","首都机场","南航","南航CZ3153","空客321(中)",NA,NA,"85%","有餐食",1390,"6.7折","无"
2016-03-14,2015-03-14,"深圳","北京","14:10","2016-03-14","19:05","宝安机场","首都机场","厦航","厦航MF1129","空客320(中)","南航CZ3255","经停","96%","有餐食",1167,"6.0折","无"
2016-03-14,2015-03-14,"深圳","北京","14:10","2016-03-14","19:05","宝安机场","首都机场","南航","南航CZ3255","空客320(中)",NA,"经停","97%","有餐食",1190,"5.7折","无"
2016-03-14,2015-03-14,"深圳","北京","14:10","2016-03-14","19:05","宝安机场","首都机场","东航","东航MU3004","空客320(中)","南航CZ3255","经停","97%","有餐食",1193,"5.7折","无"
2016-03-14,2015-03-14,"深圳","北京","14:45","2016-03-14","18:05","宝安机场","首都机场","深航","深航ZH9831","空客320(中)",NA,NA,"89%","有餐食",1254,"6.0折","无"
2016-03-14,2015-03-14,"深圳","北京","14:45","2016-03-14","18:05","宝安机场","首都机场","昆明航","昆明航KY9831","空客320(中)","深航ZH9831",NA,"89%","有餐食",1315,"6.6折","无"
2016-03-14,2015-03-14,"深圳","北京","15:25","2016-03-14","18:40","宝安机场","南苑机场","联航","联航KN5856","其他机型",NA,NA,"86%",NA,744,"3.6折","无"
2016-03-14,2015-03-14,"深圳","北京","15:25","2016-03-14","18:40","宝安机场","南苑机场","东航","东航MU3832","其他机型","联航KN5856",NA,"86%",NA,1458,"7.0折","无"
2016-03-14,2015-03-14,"深圳","北京","15:30","2016-03-14","18:40","宝安机场","首都机场","厦航","厦航MF1077","空客330(宽)","南航CZ3189",NA,"96%","有餐食",1366,"7.1折","无"
2016-03-14,2015-03-14,"深圳","北京","15:30","2016-03-14","18:40","宝安机场","首都机场","东航","东航MU3110","空客330(宽)","南航CZ3189",NA,"96%","有餐食",1380,"6.6折","无"
2016-03-14,2015-03-14,"深圳","广州","06:10","2016-03-14","08:45","天宝安机场","长水机场","昆明航","昆明航KY8285","波音737(中)",NA,NA,"94%","有餐食",1672,"5.3折","昆明"
2016-03-14,2015-03-14,"深圳","广州","22:25","2016-03-15","00:35","长水机场","白云机场",NA,NA,"波音737(中)",NA,NA,"83%","有餐食",1672,"5.3折","昆明"
2016-03-14,2015-03-14,"深圳","广州","06:35","2016-03-14","07:55","天宝安机场","美兰机场","厦航","厦航MF4089","空客320(中)","实际乘坐：南航CZ6443",NA,"86%","有餐食",882,"6.3折","海口"
2016-03-14,2015-03-14,"深圳","广州","23:00","2016-03-15","00:15","美兰机场","白云机场","厦航","厦航MF4347","空客321(中)","实际乘坐：南航CZ6789",NA,"81%","有餐食",882,"6.3折","海口"
2016-03-14,2015-03-14,"深圳","广州","07:00","2016-03-14","09:00","宝安机场","龙洞堡机场","深航","深航ZH9895","波音737(中)",NA,NA,"96%","有餐食",772,"3.9折","贵阳"
2016-03-14,2015-03-14,"深圳","广州","20:30","2016-03-14","21:55","龙洞堡机场","白云机场","海航","海航HU7272","波音737(中)",NA,NA,"78%","有餐食",772,"3.9折","贵阳"
2016-03-14,2015-03-14,"深圳","广州","07:00","2016-03-14","09:00","宝安机场","龙洞堡机场","深航","深航ZH9895","波音737(中)","实际乘坐：南航CZ3691",NA,"96%","有餐食",904,"4.6折","贵阳"
2016-03-14,2015-03-14,"深圳","广州","13:00","2016-03-14","14:30","龙洞堡机场","白云机场","厦航","厦航MF1513","波音737(中)","实际乘坐：南航CZ3691",NA,"94%","有餐食",904,"4.6折","贵阳"
2016-03-14,2015-03-14,"深圳","广州","07:10","2016-03-14","09:00","宝安机场","龙洞堡机场","厦航","厦航MF1497","空客320(中)","实际乘坐：南航CZ3673",NA,"100%","有餐食",942,"4.8折","贵阳"
2016-03-14,2015-03-14,"深圳","广州","13:00","2016-03-14","14:30","龙洞堡机场","白云机场","厦航","厦航MF1513","波音737(中)","实际乘坐：南航CZ3691",NA,"94%","有餐食",942,"4.8折","贵阳"
2016-03-14,2015-03-14,"深圳","广州","07:10","2016-03-14","09:00","宝安机场","龙洞堡机场","南航","南航CZ3673","空客320(中)",NA,NA,"100%","有餐食",973,"4.9折","贵阳"
2016-03-14,2015-03-14,"深圳","广州","13:00","2016-03-14","14:30","龙洞堡机场","白云机场","南航","南航CZ3691","波音737(中)",NA,NA,"94%","有餐食",973,"4.9折","贵阳"
2016-03-14,2015-03-14,"深圳","广州","07:15","2016-03-14","09:05","宝安机场","龙洞堡机场","海航","海航HU7241","空客330(宽)",NA,NA,"93%","有餐食",837,"4.3折","贵阳"
2016-03-14,2015-03-14,"深圳","广州","20:30","2016-03-14","21:55","龙洞堡机场","白云机场","海航","海航HU7272","波音737(中)",NA,NA,"78%","有餐食",837,"4.3折","贵阳"
2016-03-14,2015-03-14,"深圳","广州","07:15","2016-03-14","09:10","天宝安机场","昌北机场","深航","深航ZH9869","波音737(中)","实际乘坐：南航CZ3546",NA,"94%","有餐食",1291,"8.2折","南昌"
2016-03-14,2015-03-14,"深圳","广州","22:30","2016-03-15","00:05","昌北机场","白云机场","厦航","厦航MF1382","波音737(中)","实际乘坐：南航CZ3546",NA,"78%","有餐食",1291,"8.2折","南昌"
2016-03-14,2015-03-14,"深圳","广州","08:00","2016-03-14","10:40","天宝安机场","长水机场","南航","南航CZ3459","空客321(中)",NA,NA,"93%","有餐食",1801,"5.7折","昆明"
2016-03-14,2015-03-14,"深圳","广州","22:25","2016-03-15","00:35","长水机场","白云机场","昆明航","昆明航KY8285","波音737(中)",NA,NA,"83%","有餐食",1801,"5.7折","昆明"
2016-03-14,2015-03-14,"深圳","广州","08:00","2016-03-14","10:40","天宝安机场","长水机场","南航","南航CZ3459","空客321(中)",NA,NA,"93%","有餐食",1857,"5.9折","昆明"
2016-03-14,2015-03-14,"深圳","广州","22:15","2016-03-15","00:15","长水机场","白云机场","南航","南航CZ3490","波音737(中)",NA,NA,"88%","有餐食",1857,"5.9折","昆明"
2016-03-14,2015-03-14,"深圳","上海","06:35","2016-03-14","09:00","宝安机场","浦东机场","吉祥航","吉祥航HO1156","空客320(中)",NA,NA,"97%","有餐食",1382,"全价","无"
2016-03-14,2015-03-14,"深圳","上海","07:30","2016-03-14","09:45","宝安机场","浦东机场","东航","东航MU5332","空客320(中)",NA,NA,"92%","有餐食",1400,"全价","无"
2016-03-14,2015-03-14,"深圳","上海","08:15","2016-03-14","10:30","宝安机场","虹桥机场","深航","深航ZH9917","波音737(中)",NA,NA,"100%",NA,2858,NA,"无"
2016-03-14,2015-03-14,"深圳","上海","09:00","2016-03-14","11:15","宝安机场","虹桥机场","南航","南航CZ3553","空客330(宽)",NA,NA,"97%","有餐食",3500,NA,"无"
2016-03-14,2015-03-14,"深圳","上海","09:15","2016-03-14","11:40","宝安机场","虹桥机场","深航","深航ZH9811","波音737(中)",NA,NA,"96%",NA,2858,NA,"无"
2016-03-14,2015-03-14,"深圳","上海","09:30","2016-03-14","11:45","宝安机场","虹桥机场","东航","东航MU5334","波音737(中)",NA,NA,"93%","有餐食",3500,NA,"无"
2016-03-14,2015-03-14,"深圳","上海","10:30","2016-03-14","12:50","宝安机场","虹桥机场","东航","东航MU5336","空客320(中)",NA,NA,"84%","有餐食",1400,"全价","无"
2016-03-14,2015-03-14,"深圳","上海","10:40","2016-03-14","13:05","宝安机场","浦东机场","南航","南航CZ3831","空客321(中)",NA,NA,"93%","有餐食",2520,NA,"无"
2016-03-14,2015-03-14,"深圳","上海","11:15","2016-03-14","13:30","宝安机场","虹桥机场","吉祥航","吉祥航HO1112","空客321(中)",NA,NA,"87%","有餐食",1332,"9.5折","无"
2016-03-14,2015-03-14,"深圳","上海","11:25","2016-03-14","13:55","宝安机场","浦东机场","南航","南航CZ3646","空客320(中)",NA,NA,"95%","有餐食",2520,NA,"无"
2016-03-14,2015-03-14,"深圳","上海","11:30","2016-03-14","14:00","宝安机场","虹桥机场","东航","东航MU5338","空客320(中)",NA,NA,"85%",NA,1390,"全价","无"
2016-03-14,2015-03-14,"深圳","上海","11:35","2016-03-14","13:50","宝安机场","虹桥机场","厦航","厦航MF8318","波音737(中)",NA,NA,"81%","有餐食",1363,"9.7折","无"
2016-03-14,2015-03-14,"深圳","上海","11:35","2016-03-14","13:50","宝安机场","虹桥机场","河北航","河北航NS8318","波音737(中)","厦航MF8318",NA,"81%","有餐食",1374,"9.8折","无"
2016-03-14,2015-03-14,"深圳","上海","11:35","2016-03-14","13:50","宝安机场","虹桥机场","南航","南航CZ5222","波音737(中)","厦航MF8318",NA,"81%","有餐食",1400,"全价","无"
2016-03-14,2015-03-14,"深圳","上海","11:40","2016-03-14","15:10","宝安机场","浦东机场","深航","深航ZH9907","空客320(中)",NA,"经停","58%","有餐食",959,"6.8折","无"
2016-03-14,2015-03-14,"深圳","上海","11:40","2016-03-14","15:10","宝安机场","浦东机场","昆明航","昆明航KY9907","空客320(中)","深航ZH9907","经停","58%","有餐食",996,"7.1折","无"
2016-03-14,2015-03-14,"深圳","上海","11:40","2016-03-14","15:10","宝安机场","浦东机场","吉祥航","吉祥航HO1979","空客320(中)","深航ZH9907","经停","58%","有餐食",1026,"7.3折","无"
2016-03-14,2015-03-14,"深圳","上海","12:00","2016-03-14","14:20","宝安机场","虹桥机场","深航","深航ZH9813","空客320(中)",NA,NA,"84%",NA,1385,"全价","无"
2016-03-14,2015-03-14,"深圳","上海","12:30","2016-03-14","14:50","宝安机场","虹桥机场","南航","南航CZ9381","空客320(中)","东航MU5340",NA,"87%","有餐食",1300,"9.3折","无"
2016-03-14,2015-03-14,"深圳","上海","12:30","2016-03-14","14:50","宝安机场","虹桥机场","东航","东航MU5340","空客320(中)",NA,NA,"87%","有餐食",1390,"全价","无"
2016-03-14,2015-03-14,"深圳","上海","12:55","2016-03-14","15:20","宝安机场","浦东机场","东航","东航MU5342","空客319(中)",NA,NA,"93%",NA,3500,NA,"无"
2016-03-14,2015-03-14,"深圳","上海","13:00","2016-03-14","15:20","宝安机场","虹桥机场","厦航","厦航MF1397","空客321(中)","南航CZ3561",NA,"76%","有餐食",1309,"9.4折","无"
2016-03-14,2015-03-14,"深圳","上海","13:00","2016-03-14","15:20","宝安机场","虹桥机场","南航","南航CZ3561","空客321(中)",NA,NA,"76%","有餐食",1330,"9.5折","无"
2016-03-14,2015-03-14,"深圳","上海","13:00","2016-03-14","15:20","宝安机场","虹桥机场","东航","东航MU3364","空客321(中)","南航CZ3561",NA,"76%","有餐食",1371,"9.8折","无"
2016-03-14,2015-03-14,"深圳","上海","13:30","2016-03-14","15:50","宝安机场","虹桥机场","南航","南航CZ9385","空客321(中)","东航MU5344",NA,"80%",NA,1280,"9.1折","无"
2016-03-14,2015-03-14,"深圳","上海","13:30","2016-03-14","15:50","宝安机场","虹桥机场","东航","东航MU5344","空客321(中)",NA,NA,"80%",NA,1390,"全价","无"
2016-03-14,2015-03-14,"深圳","上海","13:55","2016-03-14","16:15","宝安机场","虹桥机场","厦航","厦航MF1393","空客321(中)","南航CZ3557",NA,"71%","有餐食",1309,"9.4折","无"
2016-03-14,2015-03-14,"深圳","上海","13:55","2016-03-14","16:15","宝安机场","虹桥机场","南航","南航CZ3557","空客321(中)",NA,NA,"71%","有餐食",1330,"9.5折","无"
2016-03-14,2015-03-14,"深圳","上海","13:55","2016-03-14","16:20","宝安机场","虹桥机场","厦航","厦航MF8378","波音737(中)",NA,NA,"38%","有餐食",1370,"9.8折","无"
2016-03-14,2015-03-14,"深圳","上海","13:55","2016-03-14","16:15","宝安机场","虹桥机场","东航","东航MU3358","空客321(中)","南航CZ3557",NA,"71%","有餐食",1371,"9.8折","无"
2016-03-14,2015-03-14,"张家界","丹东","22:45","2016-03-15","00:40","荷花机场","浦东机场","东航","东航MU9342","波音737(中)","实际乘坐：上航FM9342",NA,"89%","有餐食",1811,"7.3折","上海"
2016-03-14,2015-03-14,"张家界","丹东","13:20","2016-03-14","15:35","浦东机场","浪头机场","东航","东航MU4707","空客320(中)","实际乘坐：南航CZ6755",NA,"90%","有餐食",1811,"7.3折","上海"
2016-03-14,2015-03-14,"张家界","丹东","22:45","2016-03-15","00:40","荷花机场","浦东机场","东航","东航MU9342","波音737(中)","实际乘坐：上航FM9342",NA,"89%","有餐食",1819,"7.3折","上海"
2016-03-14,2015-03-14,"张家界","丹东","13:20","2016-03-14","15:35","浦东机场","浪头机场","南航","南航CZ6755","空客320(中)",NA,NA,"90%","有餐食",1819,"7.3折","上海"
2016-03-14,2015-03-14,"张家界","丹东","22:45","2016-03-15","00:40","荷花机场","浦东机场","上航","上航FM9342","波音737(中)","实际乘坐：南航CZ6755",NA,"88%","有餐食",1822,"7.3折","上海"
2016-03-14,2015-03-14,"张家界","丹东","13:20","2016-03-14","15:35","浦东机场","浪头机场","东航","东航MU4707","空客320(中)","实际乘坐：南航CZ6755",NA,"90%","有餐食",1822,"7.3折","上海"
2016-03-14,2015-03-14,"张家界","丹东","22:45","2016-03-15","00:40","荷花机场","浦东机场","上航","上航FM9342","波音737(中)",NA,NA,"88%","有餐食",1830,"7.4折","上海"
2016-03-14,2015-03-14,"张家界","丹东","13:20","2016-03-14","15:35","浦东机场","浪头机场","南航","南航CZ6755","空客320(中)",NA,NA,"90%","有餐食",1830,"7.4折","上海"
2016-03-14,2015-03-14,"张家界","丹东","23:40","2016-03-15","01:55","荷花机场","首都机场","深航","深航ZH1360","波音737(中)","实际乘坐：国航CA1360",NA,"78%","有餐食",1368,"6.3折","北京"
2016-03-14,2015-03-14,"张家界","丹东","17:25","2016-03-14","19:05","首都机场","浪头机场","深航","深航ZH1631","波音737(中)","实际乘坐：国航CA1631",NA,"100%","有餐食",1368,"6.3折","北京"
